curso,modulo_num,modulo,video_num,video_titulo,youtube_url,youtube_id,duracion_seg
Curso de Auriculoterapia Online,1,MÓDULO I · INTRODUCCIÓN Y FUNDAMENTOS DE LA AURICULOTERAPIA,1,Presentación del Curso,https://youtu.be/9vSB2e9A5q0,9vSB2e9A5q0,5064
Curso de Auriculoterapia Online,1,MÓDULO I · INTRODUCCIÓN Y FUNDAMENTOS DE LA AURICULOTERAPIA,2,Clase 1,https://youtu.be/5fg18BLWt0U,5fg18BLWt0U,2879
Curso de Auriculoterapia Online,1,MÓDULO I · INTRODUCCIÓN Y FUNDAMENTOS DE LA AURICULOTERAPIA,3,Clase 2,https://youtu.be/3m1IQaVbLRw,3m1IQaVbLRw,1695
Curso de Auriculoterapia Online,1,MÓDULO I · INTRODUCCIÓN Y FUNDAMENTOS DE LA AURICULOTERAPIA,4,Clase 3,https://youtu.be/cYzeuBDbIFc,cYzeuBDbIFc,410
Curso de Auriculoterapia Online,1,MÓDULO I · INTRODUCCIÓN Y FUNDAMENTOS DE LA AURICULOTERAPIA,5,Clase 4,https://youtu.be/obaNtWmOy7g,obaNtWmOy7g,640
Curso de Auriculoterapia Online,1,MÓDULO I · INTRODUCCIÓN Y FUNDAMENTOS DE LA AURICULOTERAPIA,6,Clase 5,https://youtu.be/W_hdH2EqtQI,W_hdH2EqtQI,474
Curso de Auriculoterapia Online,2,MÓDULO II · LOCALIZACIÓN DE PUNTOS Y TÉCNICAS DE APLICACIÓN,1,Clase 6,https://youtu.be/8CiXAwcPLAY,8CiXAwcPLAY,2627
Curso de Auriculoterapia Online,2,MÓDULO II · LOCALIZACIÓN DE PUNTOS Y TÉCNICAS DE APLICACIÓN,2,Clase 7,https://youtu.be/FMmg_JfFGuY,FMmg_JfFGuY,1318
Curso de Auriculoterapia Online,2,MÓDULO II · LOCALIZACIÓN DE PUNTOS Y TÉCNICAS DE APLICACIÓN,3,Clase 8,https://youtu.be/6mbEUrLPTBg,6mbEUrLPTBg,0
Curso de Auriculoterapia Online,2,MÓDULO II · LOCALIZACIÓN DE PUNTOS Y TÉCNICAS DE APLICACIÓN,4,Clase 9,https://youtu.be/vX9xJiHjzT8,vX9xJiHjzT8,0
Curso de Auriculoterapia Online,2,MÓDULO II · LOCALIZACIÓN DE PUNTOS Y TÉCNICAS DE APLICACIÓN,5,Clase 10,https://youtu.be/wqRiNEMhbPg,wqRiNEMhbPg,0
Curso de Auriculoterapia Online,3,MÓDULO III · PROTOCOLOS CLÍNICOS DE AURICULOTERAPIA,1,Auriculoterapia I,https://youtu.be/aUPMVQmhxCM,aUPMVQmhxCM,0
Curso de Auriculoterapia Online,3,MÓDULO III · PROTOCOLOS CLÍNICOS DE AURICULOTERAPIA,2,Auriculoterapia II,https://youtu.be/KaYa1rlpCJ4,KaYa1rlpCJ4,0
Curso de Auriculoterapia Online,3,MÓDULO III · PROTOCOLOS CLÍNICOS DE AURICULOTERAPIA,3,Auriculoterapia III,https://youtu.be/2ZvOx8PXWSo,2ZvOx8PXWSo,0
Curso de Auriculoterapia Online,4,MÓDULO IV · PRÁCTICA CLÍNICA Y APLICACIONES AVANZADAS,1,Auriculoterapia en Vivo,https://youtu.be/V0TLDL5ht4s,V0TLDL5ht4s,0
Curso de Auriculoterapia Online,4,MÓDULO IV · PRÁCTICA CLÍNICA Y APLICACIONES AVANZADAS,2,Auriculoterapia y Moxibustión,https://youtu.be/QKJDQJmDbAc,QKJDQJmDbAc,0
Curso de Auriculoterapia Online,4,MÓDULO IV · PRÁCTICA CLÍNICA Y APLICACIONES AVANZADAS,3,Clase de Cierre y Evaluación Final,https://youtu.be/iqkafhRFi_s,iqkafhRFi_s,1828
Curso de Auriculoterapia Online,4,MÓDULO IV · PRÁCTICA CLÍNICA Y APLICACIONES AVANZADAS,4,📚​ Acupuntura Auricular ,https://www.youtube.com/watch?v=XogWrnrA7es,XogWrnrA7es,6639
Curso de Auriculoterapia Online,4,MÓDULO IV · PRÁCTICA CLÍNICA Y APLICACIONES AVANZADAS,5,📚​ 👂🏼AURICULOTERAPIA Y TINNITUS,https://www.youtube.com/watch?v=6tTWhfQD2M4,6tTWhfQD2M4,0
Curso de Digitopresión Mecánica,1,📦 MÓDULO 1 – Fundamentos de la Digitopresión Mecánica,1,🎬 Master Class  ¿Qué es la Digitopresión Mecánica?,https://youtu.be/GXnk8_8XqdI,GXnk8_8XqdI,847
Curso de Digitopresión Mecánica,1,📦 MÓDULO 1 – Fundamentos de la Digitopresión Mecánica,2,📹 Video 1,https://youtu.be/b2lOENvdmYM,b2lOENvdmYM,7508
Curso de Digitopresión Mecánica,1,📦 MÓDULO 1 – Fundamentos de la Digitopresión Mecánica,3,📹 Video 2,https://youtu.be/ZX15IXxXRh0,ZX15IXxXRh0,0
Curso de Digitopresión Mecánica,2,📦 MÓDULO 2 – Técnicas Básicas de Aplicación,1,📹 Clase 1,https://youtu.be/c4h75ke5f_U,c4h75ke5f_U,0
Curso de Digitopresión Mecánica,2,📦 MÓDULO 2 – Técnicas Básicas de Aplicación,2,📹 Clase 2,https://youtu.be/f8RIpCcbxWk,f8RIpCcbxWk,0
Curso de Digitopresión Mecánica,3,📦 MÓDULO 3 – Protocolos Terapéuticos Iniciales,1,📹 Clase 3,https://youtu.be/8B1XBTWg_Nk,8B1XBTWg_Nk,0
Curso de Digitopresión Mecánica,3,📦 MÓDULO 3 – Protocolos Terapéuticos Iniciales,2,📹 Clase 4,https://youtu.be/FVyw8g2l-wo,FVyw8g2l-wo,0
Curso de Digitopresión Mecánica,4,📦 MÓDULO 4 – Aplicación Clínica,1,📹 Clase 5,https://youtu.be/9Y4Bk3Q7HBY,9Y4Bk3Q7HBY,0
Curso de Digitopresión Mecánica,4,📦 MÓDULO 4 – Aplicación Clínica,2,📹 Clase 6,https://youtu.be/Zf8vhFjv0lU,Zf8vhFjv0lU,0
Curso de Digitopresión Mecánica,4,📦 MÓDULO 4 – Aplicación Clínica,3,💻 Clase Complementaria del Primer Mes,https://youtube.com/live/WD9Ay2xc0rA?feature=share,"",0
Curso de Digitopresión Mecánica,5,📦 MÓDULO 5 – Técnicas Avanzadas,1,📹 Clase 7,https://youtu.be/WtlYhuIBYaU,WtlYhuIBYaU,0
Curso de Digitopresión Mecánica,5,📦 MÓDULO 5 – Técnicas Avanzadas,2,📹 Clase 8,https://youtu.be/H8B_dVX9xtI,H8B_dVX9xtI,0
Curso de Digitopresión Mecánica,6,📦 MÓDULO 6 – Casos Clínicos,1,📹 Caso Clínico 1,https://youtu.be/ldY6GnXpwdU,ldY6GnXpwdU,0
Curso de Digitopresión Mecánica,6,📦 MÓDULO 6 – Casos Clínicos,2,📹 Caso Clínico 2,https://youtu.be/aAPfsdiOils,aAPfsdiOils,0
Curso de Digitopresión Mecánica,7,📦 MÓDULO 7 – Stretching Terapéutico,1,📹 Stretching aplicado a la Digitopresión Mecánica,https://youtu.be/kC2KctDYYr8,kC2KctDYYr8,0
Curso de Digitopresión Mecánica,8,📦 MÓDULO 8 – Integración ,1,📹 Clase Final,https://youtu.be/2waeaYd-exs,2waeaYd-exs,0
Curso de Digitopresión Mecánica,8,📦 MÓDULO 8 – Integración ,2,💻 Clase Complementaria de Cierre,https://youtube.com/live/mIjPyoKVrm8?feature=share,"",0
Curso de Fitoterapia,1,🌱 MÓDULO 1 · Fundamentos de la Fitoterapia y Uso Seguro de las Plantas Medicinales,5,🎥Semana 2 - Video 1,https://youtu.be/dQw3KqZ5ETs,dQw3KqZ5ETs,3581
Curso de Fitoterapia,1,🌱 MÓDULO 1 · Fundamentos de la Fitoterapia y Uso Seguro de las Plantas Medicinales,5,🎥Semana 1 -  Zoom #1,https://www.youtube.com/watch?v=mDejOY1q01Q,mDejOY1q01Q,10879
Curso de Fitoterapia,1,🌱 MÓDULO 1 · Fundamentos de la Fitoterapia y Uso Seguro de las Plantas Medicinales,5,🎥Semana 1 - Video 1,https://www.youtube.com/watch?v=Ib0WQP88_Uw,Ib0WQP88_Uw,2866
Curso de Fitoterapia,1,🌱 MÓDULO 1 · Fundamentos de la Fitoterapia y Uso Seguro de las Plantas Medicinales,6,🎥Semana 2 - Video 2,https://youtu.be/vV9507PE7fU,vV9507PE7fU,4267
Curso de Fitoterapia,1,🌱 MÓDULO 1 · Fundamentos de la Fitoterapia y Uso Seguro de las Plantas Medicinales,6,🎥Semana 1 - Video 2,https://www.youtube.com/watch?v=iczgCdorq0w,iczgCdorq0w,3978
Curso de Fitoterapia,1,🌱 MÓDULO 1 · Fundamentos de la Fitoterapia y Uso Seguro de las Plantas Medicinales,7,🎥Semana 1 - Video 3,https://www.youtube.com/watch?v=RnKYv0LhipU,RnKYv0LhipU,2947
Curso de Fitoterapia,1,🌱 MÓDULO 1 · Fundamentos de la Fitoterapia y Uso Seguro de las Plantas Medicinales,7,🎥Semana 2- Zoom #2,https://youtu.be/0DQ_pbNrRus,0DQ_pbNrRus,9846
Curso de Fitoterapia,1,🌱 MÓDULO 1 · Fundamentos de la Fitoterapia y Uso Seguro de las Plantas Medicinales,8,🎥Fitoterapia semana 3 - Zoom,https://www.youtube.com/watch?v=qGQ87V8L50c,qGQ87V8L50c,10914
Curso de Fitoterapia,1,🌱 MÓDULO 1 · Fundamentos de la Fitoterapia y Uso Seguro de las Plantas Medicinales,9,🎥Semana 3 - VIDEO #1,https://www.youtube.com/watch?v=6L3N9n6aBoI,6L3N9n6aBoI,2726
Curso de Fitoterapia,1,🌱 MÓDULO 1 · Fundamentos de la Fitoterapia y Uso Seguro de las Plantas Medicinales,10,🎥Semana 3 - VIDEO #3,https://www.youtube.com/watch?v=KBARIy05gOc,KBARIy05gOc,3894
Curso de Fitoterapia,1,🌱 MÓDULO 1 · Fundamentos de la Fitoterapia y Uso Seguro de las Plantas Medicinales,11,Fitoterapia - Ultimo zoom,https://www.youtube.com/watch?v=Z57MGGRlA64,Z57MGGRlA64,12383
Curso de Fitoterapia,1,🌱 MÓDULO 1 · Fundamentos de la Fitoterapia y Uso Seguro de las Plantas Medicinales,12,🎥Semana 4 - zoom 1,https://www.youtube.com/watch?v=ctm8iL_sWe0,ctm8iL_sWe0,3066
Curso de Fitoterapia,1,🌱 MÓDULO 1 · Fundamentos de la Fitoterapia y Uso Seguro de las Plantas Medicinales,13,🎥Semana 4 - Zoom 2,https://www.youtube.com/watch?v=3OozB4ndz0I,3OozB4ndz0I,1811
Formación Anual de Acupuntura,1,MES 1 · Fundamentos de Acupuntura - MÓDULO 1 · Teoría,1,Clase 1,https://youtu.be/ovkl58jXl4M,ovkl58jXl4M,4941
Formación Anual de Acupuntura,1,MES 1 · Fundamentos de Acupuntura - MÓDULO 1 · Teoría,2,Clase 2,https://youtu.be/-lGKIucICIk,-lGKIucICIk,5555
Formación Anual de Acupuntura,1,MES 1 · Fundamentos de Acupuntura - MÓDULO 1 · Teoría,3,Clase 3,https://youtu.be/J7RcP4aCgnQ,J7RcP4aCgnQ,5353
Formación Anual de Acupuntura,1,MES 1 · Fundamentos de Acupuntura - MÓDULO 1 · Teoría,4,Clase 4,https://youtu.be/mXjKgBiPVzc,mXjKgBiPVzc,5139
Formación Anual de Acupuntura,1,MES 1 · Fundamentos de Acupuntura - MÓDULO 1 · Teoría,5,Clase 5,https://youtu.be/9auKqy5a3Nw,9auKqy5a3Nw,4858
Formación Anual de Acupuntura,2,MES 1 · Fundamentos de Acupuntura - MÓDULO 2 · Práctica Clínica,1,Práctica 1,https://youtu.be/zc2OS9qlxVM,zc2OS9qlxVM,3888
Formación Anual de Acupuntura,2,MES 1 · Fundamentos de Acupuntura - MÓDULO 2 · Práctica Clínica,2,Práctica 2,https://youtu.be/0GkEUekGi9c,0GkEUekGi9c,2004
Formación Anual de Acupuntura,2,MES 1 · Fundamentos de Acupuntura - MÓDULO 2 · Práctica Clínica,3,Práctica 3,https://youtu.be/LrqJhbQP1tw,LrqJhbQP1tw,2443
Formación Anual de Acupuntura,2,MES 1 · Fundamentos de Acupuntura - MÓDULO 2 · Práctica Clínica,4,Práctica 4,https://youtu.be/sODbq41-9L0,sODbq41-9L0,2745
Formación Anual de Acupuntura,2,MES 1 · Fundamentos de Acupuntura - MÓDULO 2 · Práctica Clínica,5,Práctica 5,https://youtu.be/p6APdm1uDeU,p6APdm1uDeU,3609
Formación Anual de Acupuntura,2,MES 1 · Fundamentos de Acupuntura - MÓDULO 2 · Práctica Clínica,6,Práctica 6,https://youtu.be/NKb_IO1PLW4,NKb_IO1PLW4,814
Formación Anual de Acupuntura,3,"MES 2 · Moxibustión, Ventosas y Estética Facial - MÓDULO 3 · Teoría",1,Clase 1,https://youtu.be/7ZwIiNwJMmA,7ZwIiNwJMmA,5150
Formación Anual de Acupuntura,3,"MES 2 · Moxibustión, Ventosas y Estética Facial - MÓDULO 3 · Teoría",2,Clase 2,https://youtu.be/_ETzJbMU_uo,_ETzJbMU_uo,5219
Formación Anual de Acupuntura,3,"MES 2 · Moxibustión, Ventosas y Estética Facial - MÓDULO 3 · Teoría",3,Clase 3,https://youtu.be/BWH8Cp2VaKw,BWH8Cp2VaKw,0
Formación Anual de Acupuntura,3,"MES 2 · Moxibustión, Ventosas y Estética Facial - MÓDULO 3 · Teoría",4,Clase 4,https://youtu.be/fCCCtaiSDGQ,fCCCtaiSDGQ,0
Formación Anual de Acupuntura,3,"MES 2 · Moxibustión, Ventosas y Estética Facial - MÓDULO 3 · Teoría",5,Clase 5,https://youtu.be/gh1pqAqWyeQ,gh1pqAqWyeQ,0
Formación Anual de Acupuntura,4,"MES 2 · Moxibustión, Ventosas y Estética Facial - MÓDULO 4 · Práctica Clínica",1,Práctica 1,https://youtu.be/ZHnHYSqwB0U,ZHnHYSqwB0U,4687
Formación Anual de Acupuntura,4,"MES 2 · Moxibustión, Ventosas y Estética Facial - MÓDULO 4 · Práctica Clínica",2,Práctica 2,https://youtu.be/50TYKqYdxD8,50TYKqYdxD8,2069
Formación Anual de Acupuntura,4,"MES 2 · Moxibustión, Ventosas y Estética Facial - MÓDULO 4 · Práctica Clínica",3,Práctica 3,https://youtu.be/mAvz7YVMokM,mAvz7YVMokM,2594
Formación Anual de Acupuntura,4,"MES 2 · Moxibustión, Ventosas y Estética Facial - MÓDULO 4 · Práctica Clínica",4,Práctica 4,https://youtu.be/L77vfYvZ9BI,L77vfYvZ9BI,2326
Formación Anual de Acupuntura,4,"MES 2 · Moxibustión, Ventosas y Estética Facial - MÓDULO 4 · Práctica Clínica",5,Práctica 5,https://youtu.be/RM-V_LJsPNQ,RM-V_LJsPNQ,2513
Formación Anual de Acupuntura,5,MES 3 · Microsistema de Reflexología Podal - MÓDULO 5 · Teoría,1,Clase 1,https://youtu.be/mQ6RxnwLYus,mQ6RxnwLYus,4723
Formación Anual de Acupuntura,5,MES 3 · Microsistema de Reflexología Podal - MÓDULO 5 · Teoría,2,Clase 2,https://youtu.be/PDvhfVdY84I,PDvhfVdY84I,0
Formación Anual de Acupuntura,5,MES 3 · Microsistema de Reflexología Podal - MÓDULO 5 · Teoría,3,Clase 3,https://youtu.be/G72-oDjP_mE,G72-oDjP_mE,0
Formación Anual de Acupuntura,5,MES 3 · Microsistema de Reflexología Podal - MÓDULO 5 · Teoría,4,Clase 4,https://youtu.be/lln1ag6icjk,lln1ag6icjk,4736
Formación Anual de Acupuntura,6,MES 3 · Microsistema de Reflexología Podal - MÓDULO 6 · Práctica Clínica,1,Práctica 1,https://youtu.be/7ZVYsREFHls,7ZVYsREFHls,0
Formación Anual de Acupuntura,6,MES 3 · Microsistema de Reflexología Podal - MÓDULO 6 · Práctica Clínica,2,Práctica 2,https://youtu.be/CJ5Nb1PU2aU,CJ5Nb1PU2aU,3795
Formación Anual de Acupuntura,6,MES 3 · Microsistema de Reflexología Podal - MÓDULO 6 · Práctica Clínica,3,Práctica 3,https://youtu.be/y2I-cpyyUGo,y2I-cpyyUGo,0
Formación Anual de Acupuntura,6,MES 3 · Microsistema de Reflexología Podal - MÓDULO 6 · Práctica Clínica,4,Práctica 4,https://youtu.be/sk2KyrjB-7I,sk2KyrjB-7I,924
Formación Anual de Acupuntura,6,MES 3 · Microsistema de Reflexología Podal - MÓDULO 6 · Práctica Clínica,5,Práctica 5,https://youtu.be/fOfNhBgyq20,fOfNhBgyq20,2562
Formación Anual de Acupuntura,6,MES 3 · Microsistema de Reflexología Podal - MÓDULO 6 · Práctica Clínica,6,Práctica 6,https://youtu.be/PUGQcZ4k2vw,PUGQcZ4k2vw,0
Formación Anual de Acupuntura,6,MES 3 · Microsistema de Reflexología Podal - MÓDULO 6 · Práctica Clínica,7,Práctica 7,https://youtu.be/V8LcXfuMXto,V8LcXfuMXto,1785
Formación Anual de Acupuntura,7,"🌿 MES 4 - TEORIA de Acupuntura Clínica Aplicada: Diagnóstico, Tratamiento y Perfeccionamiento Profesional",1,🎬 Clase 1 (MES 4),https://youtu.be/UFgVo1VO0Ac,UFgVo1VO0Ac,3519
Formación Anual de Acupuntura,7,"🌿 MES 4 - TEORIA de Acupuntura Clínica Aplicada: Diagnóstico, Tratamiento y Perfeccionamiento Profesional",2,🎬 Clase 2 (MES 4),https://youtu.be/1dSuHeaJeWI,1dSuHeaJeWI,0
Formación Anual de Acupuntura,7,"🌿 MES 4 - TEORIA de Acupuntura Clínica Aplicada: Diagnóstico, Tratamiento y Perfeccionamiento Profesional",3,🎬 Clase 3 (MES 4),https://youtu.be/q0xDuhELMTA,q0xDuhELMTA,4987
Formación Anual de Acupuntura,7,"🌿 MES 4 - TEORIA de Acupuntura Clínica Aplicada: Diagnóstico, Tratamiento y Perfeccionamiento Profesional",4,🎬 Clase 4 (MES 4),https://youtu.be/sHKEnYH7Wno,sHKEnYH7Wno,5058
Formación Anual de Acupuntura,8,🩺 MES 4 · Práctica Clínica Supervisada,1,🎬 Práctica Clínica 1 (MES 4),https://youtu.be/348bxIlqB0k,348bxIlqB0k,3190
Formación Anual de Acupuntura,8,🩺 MES 4 · Práctica Clínica Supervisada,2,🎬 Práctica Clínica 2 · Técnica de Acupuntura,https://youtu.be/lNOv6Ao23i0,lNOv6Ao23i0,3045
Formación Anual de Acupuntura,8,🩺 MES 4 · Práctica Clínica Supervisada,3,🎬 Práctica Clínica 3 · Procedimientos Clínicos,https://youtu.be/UHCQcC19YZ,UHCQcC19YZ,0
Formación Anual de Acupuntura,8,🩺 MES 4 · Práctica Clínica Supervisada,4,🎬 Práctica Clínica 4 · Tratamientos Integrales en Consulta,https://youtu.be/MCG-Bg_fZ94,MCG-Bg_fZ94,0
Formación Anual de Acupuntura,8,🩺 MES 4 · Práctica Clínica Supervisada,5,🎬 Práctica Clínica 5 · Casos Clínicos y Estrategias Terapéuticas,https://youtu.be/QYJPKsoj_XY,QYJPKsoj_XY,3088
Formación Anual de Acupuntura,8,🩺 MES 4 · Práctica Clínica Supervisada,6,🎬 Práctica Clínica 6 · Perfeccionamiento de Técnicas Clínicas,https://youtu.be/AvbyiqIGhIU,AvbyiqIGhIU,4083
Formación Anual de Acupuntura,9,🌿 MES 5 · Integración Clínica de la Acupuntura: Casos Reales y Estrategias Terapéuticas,1,🎥 Clase Magistral - Seminario Clinico,https://youtu.be/Gz4eW3D2UJI,Gz4eW3D2UJI,5325
Formación Anual de Acupuntura,9,🌿 MES 5 · Integración Clínica de la Acupuntura: Casos Reales y Estrategias Terapéuticas,2,🎥Semana 2 - Zoom 5to mes parte 1,https://youtu.be/-C_mSxQXf7A,-C_mSxQXf7A,0
Formación Anual de Acupuntura,9,🌿 MES 5 · Integración Clínica de la Acupuntura: Casos Reales y Estrategias Terapéuticas,3,🎥Semana 2 - Zoom 5to mes parte 2,https://youtu.be/ytG8PvfQYXw,ytG8PvfQYXw,2046
Formación Anual de Acupuntura,9,🌿 MES 5 · Integración Clínica de la Acupuntura: Casos Reales y Estrategias Terapéuticas,4,🎥 SEMANA 3 - 5TO MES  ZOOM 3,https://www.youtube.com/watch?v=XjFVJnkngdI,XjFVJnkngdI,0
Formación Anual de Acupuntura,9,🌿 MES 5 · Integración Clínica de la Acupuntura: Casos Reales y Estrategias Terapéuticas,5,🎥Mes 5 -  Zoom #4 ,https://www.youtube.com/watch?v=35hrNIXtnIk,35hrNIXtnIk,0
Formación Anual de Acupuntura,9,🌿 MES 5 · Integración Clínica de la Acupuntura: Casos Reales y Estrategias Terapéuticas,6,MES 5 -  Teoría de los 5 movimientos,https://www.youtube.com/watch?v=QVpBPekhLB8,QVpBPekhLB8,0
Formación Anual de Acupuntura,10,🌿 MES 5 · Integración Clínica de la Acupuntura  - PRACTICA PRESENCIAL,1,📖 5to mes presencial - Video 1,https://www.youtube.com/watch?v=bmaWh49hQ5k,bmaWh49hQ5k,0
Formación Anual de Acupuntura,10,🌿 MES 5 · Integración Clínica de la Acupuntura  - PRACTICA PRESENCIAL,2,📖 5to mes presencial - Video 2,https://www.youtube.com/watch?v=gGpbvrP0Vcs,gGpbvrP0Vcs,0
Formación Anual de Acupuntura,10,🌿 MES 5 · Integración Clínica de la Acupuntura  - PRACTICA PRESENCIAL,3,📖 5to mes presencial - Video 3,https://www.youtube.com/watch?v=c35DV1kKzOI,c35DV1kKzOI,0
Formación Anual de Acupuntura,10,🌿 MES 5 · Integración Clínica de la Acupuntura  - PRACTICA PRESENCIAL,4,📖 5to mes presencial - Video 4,https://www.youtube.com/watch?v=n-3nYiprr4Y,n-3nYiprr4Y,0
Formación Anual de Acupuntura,10,🌿 MES 5 · Integración Clínica de la Acupuntura  - PRACTICA PRESENCIAL,5,📖 5to mes presencial - Video 5,https://www.youtube.com/watch?v=5kBSWOOUaHw,5kBSWOOUaHw,0
Formación Anual de Acupuntura,11,🌿 MES 6 - Auriculoterapia ,1,📚​ Módulo VI - 👂🏼Acupuntura Auricular Clase 1,https://www.youtube.com/watch?v=XogWrnrA7es,XogWrnrA7es,0
Seminario de Reflexología Podal,1,MÓDULO I · INTRODUCCIÓN A LA REFLEXOLOGÍA PODAL,1,Clase 1,https://youtu.be/mQ6RxnwLYus,mQ6RxnwLYus,0
Seminario de Reflexología Podal,1,MÓDULO I · INTRODUCCIÓN A LA REFLEXOLOGÍA PODAL,2,Clase 2,https://youtu.be/PDvhfVdY84I,PDvhfVdY84I,0
Seminario de Reflexología Podal,2,MÓDULO II · FUNDAMENTOS Y LOCALIZACIÓN DE ZONAS REFLEJAS,1,Clase 1,https://youtu.be/G72-oDjP_mE,G72-oDjP_mE,0
Seminario de Reflexología Podal,2,MÓDULO II · FUNDAMENTOS Y LOCALIZACIÓN DE ZONAS REFLEJAS,2,Clase 2,https://youtu.be/lln1ag6icjk,lln1ag6icjk,0
Seminario de Reflexología Podal,3,MÓDULO III · TÉCNICAS BÁSICAS DE REFLEXOLOGÍA PODAL,1,Clase 1,https://youtu.be/BS5aMOtwuDY,BS5aMOtwuDY,0
Seminario de Reflexología Podal,3,MÓDULO III · TÉCNICAS BÁSICAS DE REFLEXOLOGÍA PODAL,2,Clase 2,https://youtu.be/tcJsKz94O1E,tcJsKz94O1E,0
Seminario de Reflexología Podal,3,MÓDULO III · TÉCNICAS BÁSICAS DE REFLEXOLOGÍA PODAL,3,Clase 3,https://youtu.be/Oz-ihznTKJg,Oz-ihznTKJg,0
Seminario de Reflexología Podal,3,MÓDULO III · TÉCNICAS BÁSICAS DE REFLEXOLOGÍA PODAL,4,Clase 4 (Demostración),https://youtube.com/shorts/YHV0sEZ2vJA?feature=share,YHV0sEZ2vJA,0
Seminario de Reflexología Podal,4,MÓDULO IV · TÉCNICAS CLÍNICAS Y MANIOBRAS TERAPÉUTICAS,1,Clase 5,https://youtu.be/CJ5Nb1PU2aU,CJ5Nb1PU2aU,0
Seminario de Reflexología Podal,4,MÓDULO IV · TÉCNICAS CLÍNICAS Y MANIOBRAS TERAPÉUTICAS,2,Clase 6,https://youtu.be/y2I-cpyyUGo,y2I-cpyyUGo,0
Seminario de Reflexología Podal,4,MÓDULO IV · TÉCNICAS CLÍNICAS Y MANIOBRAS TERAPÉUTICAS,3,Clase 7,https://youtu.be/sk2KyrjB-7I,sk2KyrjB-7I,0
Seminario de Reflexología Podal,5,MÓDULO V · PRÁCTICAS CLÍNICAS I,1,Práctica 1,https://youtu.be/7ZVYsREFHls,7ZVYsREFHls,0
Seminario de Reflexología Podal,6,MÓDULO VI · PRÁCTICAS CLÍNICAS II,1,Práctica 2,https://youtu.be/fOfNhBgyq20,fOfNhBgyq20,0
Seminario de Reflexología Podal,6,MÓDULO VI · PRÁCTICAS CLÍNICAS II,2,Práctica 3,https://youtu.be/PUGQcZ4k2vw,PUGQcZ4k2vw,0
Seminario de Reflexología Podal,6,MÓDULO VI · PRÁCTICAS CLÍNICAS II,3,Práctica 4,https://youtu.be/V8LcXfuMXto,V8LcXfuMXto,0
Seminario de Reflexología Podal,6,MÓDULO VI · PRÁCTICAS CLÍNICAS II,4,Práctica 5,https://youtu.be/-me9Au-7tlw,-me9Au-7tlw,0
Seminario de Reflexología Podal,6,MÓDULO VI · PRÁCTICAS CLÍNICAS II,5,Práctica 6,https://youtu.be/5ACOKsBISFw,5ACOKsBISFw,0
Seminario de Reflexología Podal,6,MÓDULO VI · PRÁCTICAS CLÍNICAS II,6,Práctica 7,https://youtu.be/5ACOKsBISFw,5ACOKsBISFw,0
Seminario de Reflexología Podal,6,MÓDULO VI · PRÁCTICAS CLÍNICAS II,7,Práctica 8,https://youtu.be/8X0IYhSRDFA,8X0IYhSRDFA,0
Seminario de Reflexología Podal,7,MÓDULO VII · PROTOCOLOS TERAPÉUTICOS,1,Clase 9,https://youtu.be/mhmvPYcyLH4,mhmvPYcyLH4,0
Seminario de Reflexología Podal,7,MÓDULO VII · PROTOCOLOS TERAPÉUTICOS,2,Clase 10,https://youtu.be/Ht2GAFG-GPM,Ht2GAFG-GPM,0
Seminario de Reflexología Podal,7,MÓDULO VII · PROTOCOLOS TERAPÉUTICOS,3,Clase 11,https://youtu.be/kDjv5X10_b0,kDjv5X10_b0,0
Seminario de Reflexología Podal,7,MÓDULO VII · PROTOCOLOS TERAPÉUTICOS,4,Clase 12,https://youtu.be/0rsXd_iLjLk,0rsXd_iLjLk,0
Seminario de Reflexología Podal,8,MÓDULO VIII · CASOS CLÍNICOS Y APLICACIÓN AVANZADA,1,Clase 13,https://youtu.be/ON7GEPErEaY,ON7GEPErEaY,0
Seminario de Reflexología Podal,8,MÓDULO VIII · CASOS CLÍNICOS Y APLICACIÓN AVANZADA,2,Clase 14,https://youtu.be/Y37aZSDSIe8,Y37aZSDSIe8,0
Seminario de Reflexología Podal,8,MÓDULO VIII · CASOS CLÍNICOS Y APLICACIÓN AVANZADA,3,Clase 15,https://youtu.be/RX0zj_BVlWE,RX0zj_BVlWE,0
Seminario de Reflexología Podal,8,MÓDULO VIII · CASOS CLÍNICOS Y APLICACIÓN AVANZADA,4,Clase 16,https://youtu.be/6PD6s2c2T8s,6PD6s2c2T8s,0
Seminario de Ventosaterapia y Moxibustión,1,MÓDULO I · FUNDAMENTOS DE LA VENTOSATERAPIA Y MOXIBUSTIÓN,1,🎥 Clase 1,https://youtu.be/mQ6RxnwLYus,mQ6RxnwLYus,3600
Seminario de Ventosaterapia y Moxibustión,1,MÓDULO I · FUNDAMENTOS DE LA VENTOSATERAPIA Y MOXIBUSTIÓN,2,🎥 Clase 2,https://youtu.be/PDvhfVdY84I,PDvhfVdY84I,3600
Seminario de Ventosaterapia y Moxibustión,2,MÓDULO II · TÉCNICAS DE APLICACIÓN Y PRINCIPIOS TERAPÉUTICOS,1,🎥 Clase 3,https://youtu.be/G72-oDjP_mE,G72-oDjP_mE,3600
Seminario de Ventosaterapia y Moxibustión,2,MÓDULO II · TÉCNICAS DE APLICACIÓN Y PRINCIPIOS TERAPÉUTICOS,2,🎥 Clase 4,https://youtu.be/lln1ag6icjk,lln1ag6icjk,3600
Seminario de Ventosaterapia y Moxibustión,3,MÓDULO III · PRÁCTICAS CLÍNICAS SUPERVISADAS,1,🎥 Práctica 1,https://youtu.be/7ZVYsREFHls,7ZVYsREFHls,1800
Seminario de Ventosaterapia y Moxibustión,3,MÓDULO III · PRÁCTICAS CLÍNICAS SUPERVISADAS,2,🎥 Práctica 2,https://youtu.be/CJ5Nb1PU2aU,CJ5Nb1PU2aU,1800
Seminario de Ventosaterapia y Moxibustión,3,MÓDULO III · PRÁCTICAS CLÍNICAS SUPERVISADAS,3,🎥 Práctica 3,https://youtu.be/y2I-cpyyUGo,y2I-cpyyUGo,1800
Seminario de Ventosaterapia y Moxibustión,3,MÓDULO III · PRÁCTICAS CLÍNICAS SUPERVISADAS,4,🎥 Práctica 4,https://youtu.be/sk2KyrjB-7I,sk2KyrjB-7I,1800
Seminario de Ventosaterapia y Moxibustión,4,MÓDULO IV · CASOS CLÍNICOS Y APLICACIÓN AVANZADA,1,🎥 Práctica 5,https://youtu.be/fOfNhBgyq20,fOfNhBgyq20,1800
Seminario de Ventosaterapia y Moxibustión,4,MÓDULO IV · CASOS CLÍNICOS Y APLICACIÓN AVANZADA,2,🎥 Práctica 6,https://youtu.be/PUGQcZ4k2vw,PUGQcZ4k2vw,1800
Seminario de Ventosaterapia y Moxibustión,4,MÓDULO IV · CASOS CLÍNICOS Y APLICACIÓN AVANZADA,3,🎥 Práctica 7,https://youtu.be/V8LcXfuMXto,V8LcXfuMXto,1800
Taller de Ventosas y Moxibustión,1,MÓDULO I · FUNDAMENTOS DE LA VENTOSATERAPIA Y MOXIBUSTIÓN,1,🎥 Clase 1,https://youtu.be/qIOzmSTFmac,qIOzmSTFmac,3328
Taller de Ventosas y Moxibustión,1,MÓDULO I · FUNDAMENTOS DE LA VENTOSATERAPIA Y MOXIBUSTIÓN,2,🎥 Clase 2,https://youtu.be/r3e0wJqPWyU,r3e0wJqPWyU,1551
Taller de Ventosas y Moxibustión,2,MÓDULO II · TÉCNICAS DE APLICACIÓN,1,🎥 Clase 3,https://youtu.be/ABYbGUZi7uQ,ABYbGUZi7uQ,1269
Taller de Ventosas y Moxibustión,2,MÓDULO II · TÉCNICAS DE APLICACIÓN,2,🎥 Clase 4,https://youtu.be/bnX1sHU7nDU,bnX1sHU7nDU,524
Taller de Ventosas y Moxibustión,3,MÓDULO III · PRÁCTICA CLÍNICA,1,🎥 Clase 5,https://youtu.be/1FqYMCgoMcA,1FqYMCgoMcA,2309
🌸 CURSO DE AROMATERAPIA INTEGRAL,1,🌸 MÓDULO 1: FUNDAMENTOS Y APLICACIÓN PRÁCTICA DE LA AROMATERAPIA,1,🎥 VIDEO 1: Introducción a la Aromaterapia [ZOOM 1],https://www.youtube.com/watch?v=p4n-iHOtU_w,p4n-iHOtU_w,8945
🌸 CURSO DE AROMATERAPIA INTEGRAL,1,🌸 MÓDULO 1: FUNDAMENTOS Y APLICACIÓN PRÁCTICA DE LA AROMATERAPIA,2,🌿PRESENCIAL 1 - Aromaterapia y flores de de Bach ,https://www.youtube.com/watch?v=dd28_gkSa3o,dd28_gkSa3o,3972
🌸 CURSO DE AROMATERAPIA INTEGRAL,1,🌸 MÓDULO 1: FUNDAMENTOS Y APLICACIÓN PRÁCTICA DE LA AROMATERAPIA,3,🏫 🌸PRESENCIAL 2 - Práctica de Aromaterapia: Aplicación en una Sesión de Bienestar,https://www.youtube.com/watch?v=7KHy_0f-xdA,7KHy_0f-xdA,2418
📚 Curso de Acupuntura (7 Meses),1,📅 Módulo 1 – Primer Mes: Fundamentos de la Acupuntura,1,🎓 Presentación del Curso,https://www.youtube.com/watch?v=EvRmEoaRIvg,EvRmEoaRIvg,7820
📚 Curso de Acupuntura (7 Meses),1,📅 Módulo 1 – Primer Mes: Fundamentos de la Acupuntura,2,🎥 Clase 1,https://youtu.be/p8FgbbuezU4,p8FgbbuezU4,3183
📚 Curso de Acupuntura (7 Meses),1,📅 Módulo 1 – Primer Mes: Fundamentos de la Acupuntura,3,🎥 Clase 2,https://youtu.be/yaD00BtI8FQ,yaD00BtI8FQ,1684
📚 Curso de Acupuntura (7 Meses),1,📅 Módulo 1 – Primer Mes: Fundamentos de la Acupuntura,4,🎥 Clase 3,https://youtu.be/dqqiEyDvoa4,dqqiEyDvoa4,1759
📚 Curso de Acupuntura (7 Meses),1,📅 Módulo 1 – Primer Mes: Fundamentos de la Acupuntura,5,🎥 Clase 4,https://youtu.be/SDZ8qsjMTgE,SDZ8qsjMTgE,664
📚 Curso de Acupuntura (7 Meses),1,📅 Módulo 1 – Primer Mes: Fundamentos de la Acupuntura,6,🎥 Clase 5,https://youtu.be/b-ElZ-JvVXg,b-ElZ-JvVXg,424
📚 Curso de Acupuntura (7 Meses),1,📅 Módulo 1 – Primer Mes: Fundamentos de la Acupuntura,7,🎥 Clase 6,https://youtu.be/wAS3LjvURaw,wAS3LjvURaw,2149
📚 Curso de Acupuntura (7 Meses),2,📅Modulo 2 - Mes 2 : Fundamentos Clínicos de la Acupuntura y Localización de Puntos,1,🎥Video 1,https://youtu.be/jsB4MnGNLL8,jsB4MnGNLL8,7870
📚 Curso de Acupuntura (7 Meses),2,📅Modulo 2 - Mes 2 : Fundamentos Clínicos de la Acupuntura y Localización de Puntos,2,🎥Video 2,https://www.youtube.com/watch?v=XjFVJnkngdI,XjFVJnkngdI,4123
📚 Curso de Acupuntura (7 Meses),2,📅Modulo 2 - Mes 2 : Fundamentos Clínicos de la Acupuntura y Localización de Puntos,3,🎥Video 3,https://www.youtube.com/watch?v=v543SevtXj0,v543SevtXj0,1347
📚 Curso de Acupuntura (7 Meses),2,📅Modulo 2 - Mes 2 : Fundamentos Clínicos de la Acupuntura y Localización de Puntos,4,🎥Mes 2 - Zoom 3,https://www.youtube.com/watch?v=PwPnKsipoBA,PwPnKsipoBA,4868
📚 Curso de Acupuntura (7 Meses),2,📅Modulo 2 - Mes 2 : Fundamentos Clínicos de la Acupuntura y Localización de Puntos,5,VIDEO 4,https://www.youtube.com/watch?v=gv-B8V7I_tg,gv-B8V7I_tg,4251
📚 Curso de Acupuntura (7 Meses),2,📅Modulo 2 - Mes 2 : Fundamentos Clínicos de la Acupuntura y Localización de Puntos,6,🎥Video 5,https://www.youtube.com/watch?v=2TgVfwR1csQ,2TgVfwR1csQ,2642
📚 Curso de Acupuntura (7 Meses),2,📅Modulo 2 - Mes 2 : Fundamentos Clínicos de la Acupuntura y Localización de Puntos,7,🎥Video 6,https://www.youtube.com/watch?v=QvON_0S0fM0,QvON_0S0fM0,2470
📚 Curso de Acupuntura (7 Meses),2,📅Modulo 2 - Mes 2 : Fundamentos Clínicos de la Acupuntura y Localización de Puntos,8,🎥Video 7,https://www.youtube.com/watch?v=AQX_oAdUUEQ,AQX_oAdUUEQ,3783
📚 Curso de Acupuntura (7 Meses),3,📅 Módulo 3 – Tercer Mes | Meridianos y Moxibustion,1,Clase 01 | Mes 3 - Meridianos y Moxibustión,https://www.youtube.com/watch?v=UwaiOsfLCng,UwaiOsfLCng,3793
📚 Curso de Acupuntura (7 Meses),3,📅 Módulo 3 – Tercer Mes | Meridianos y Moxibustion,2,🎥 Moxibustión - La terapia maravilla,https://www.youtube.com/watch?v=3TZgEFk6-FE,3TZgEFk6-FE,0
📚 Curso de Acupuntura (7 Meses),3,📅 Módulo 3 – Tercer Mes | Meridianos y Moxibustion,3,🎥 Ventosaterapia - La terapia de las tasas,https://www.youtube.com/watch?v=hjHr18bLUO0,hjHr18bLUO0,0
📚 ELECTROACUPUNTURA – FORMACIÓN PROFESIONAL,1,🎥 MÓDULO 1: CLASES VIRTUALES – ZOOM,1,📚 ELECTROACUPUNTURA – ZOOM 1,https://www.youtube.com/live/QrwpWdnRAPI,"",0
📚 ELECTROACUPUNTURA – FORMACIÓN PROFESIONAL,1,🎥 MÓDULO 1: CLASES VIRTUALES – ZOOM,2,📚 ELECTROACUPUNTURA – ZOOM 2,https://www.youtube.com/watch?v=6VI5E9eEQMc,6VI5E9eEQMc,0
📚 ELECTROACUPUNTURA – FORMACIÓN PROFESIONAL,1,🎥 MÓDULO 1: CLASES VIRTUALES – ZOOM,3,📚 ELECTROACUPUNTURA – ZOOM 3,https://www.youtube.com/watch?v=YkzCBpNld-M,YkzCBpNld-M,0
📚 ELECTROACUPUNTURA – FORMACIÓN PROFESIONAL,1,🎥 MÓDULO 1: CLASES VIRTUALES – ZOOM,4,📚 ELECTROACUPUNTURA – ZOOM 4,https://www.youtube.com/watch?v=ryrYsSGLcRM,ryrYsSGLcRM,0
📚 ELECTROACUPUNTURA – FORMACIÓN PROFESIONAL,2,🏥 MÓDULO 2: CLASES PRESENCIALES Y PRÁCTICAS,1,🪡 ⚡ ELECTROACUPUNTURA – CLASE PRESENCIAL 1,https://www.youtube.com/watch?v=_IPVzvgL_3A,_IPVzvgL_3A,0
📚 ELECTROACUPUNTURA – FORMACIÓN PROFESIONAL,2,🏥 MÓDULO 2: CLASES PRESENCIALES Y PRÁCTICAS,2,🪡 ⚡ ELECTROACUPUNTURA – CLASE PRESENCIAL 2,https://www.youtube.com/watch?v=rtKw3rledkY,rtKw3rledkY,0
📚 ELECTROACUPUNTURA – FORMACIÓN PROFESIONAL,2,🏥 MÓDULO 2: CLASES PRESENCIALES Y PRÁCTICAS,3,🪡 ⚡ ELECTROACUPUNTURA – CLASE PRESENCIAL 3,https://www.youtube.com/watch?v=rterdH97h9Q,rterdH97h9Q,0
📚 ELECTROACUPUNTURA – FORMACIÓN PROFESIONAL,2,🏥 MÓDULO 2: CLASES PRESENCIALES Y PRÁCTICAS,4,🪡 ⚡ ELECTROACUPUNTURA – CLASE PRESENCIAL 4,https://www.youtube.com/watch?v=o27tF0BW29w,o27tF0BW29w,0
📚 ELECTROACUPUNTURA – FORMACIÓN PROFESIONAL,2,🏥 MÓDULO 2: CLASES PRESENCIALES Y PRÁCTICAS,5,🪡 ⚡ ELECTROACUPUNTURA – CLASE PRESENCIAL 5,https://www.youtube.com/watch?v=o27tF0BW29w,o27tF0BW29w,0
📚 ELECTROACUPUNTURA – FORMACIÓN PROFESIONAL,2,🏥 MÓDULO 2: CLASES PRESENCIALES Y PRÁCTICAS,6,🪡 ⚡ ELECTROACUPUNTURA – CLASE PRESENCIAL 6,https://www.youtube.com/watch?v=uBfDcXENpmU,uBfDcXENpmU,0
📚 ELECTROACUPUNTURA – FORMACIÓN PROFESIONAL,2,🏥 MÓDULO 2: CLASES PRESENCIALES Y PRÁCTICAS,7,🪡 ⚡ ELECTROACUPUNTURA – CLASE PRESENCIAL 7,https://www.youtube.com/watch?v=sU2a5ABAZh8,sU2a5ABAZh8,0
📚Seminario Internacional de Auriculoterapia,1,🌿 Modulo 1 -  MES 1,1,📚​👂🏼​Acupuntura Auricular,https://www.youtube.com/watch?v=XogWrnrA7es,XogWrnrA7es,6639
🥗 Curso de Dietética,1,📦 Módulo 1 – Dietética y Fundamentos Nutricionales + Materiales de apoyo,1,📹 Video 1,https://youtu.be/Ba7qdh-RDoI,Ba7qdh-RDoI,1366
🥗 Curso de Dietética,1,📦 Módulo 1 – Dietética y Fundamentos Nutricionales + Materiales de apoyo,2,📹 Video 2,https://youtu.be/-mFOoB4SAmI,-mFOoB4SAmI,0
🥗 Curso de Dietética,1,📦 Módulo 1 – Dietética y Fundamentos Nutricionales + Materiales de apoyo,3,📹 Video 3,https://youtu.be/jf5KZALNw0Y,jf5KZALNw0Y,0
🥗 Curso de Dietética,1,📦 Módulo 1 – Dietética y Fundamentos Nutricionales + Materiales de apoyo,4,📹 Video 4,https://youtu.be/MIZErjh5X9w,MIZErjh5X9w,0
🥗 Curso de Dietética,1,📦 Módulo 1 – Dietética y Fundamentos Nutricionales + Materiales de apoyo,5,📹 Video 5,https://youtu.be/3pwyzzw1MIk,3pwyzzw1MIk,0
🥗 Curso de Dietética,1,📦 Módulo 1 – Dietética y Fundamentos Nutricionales + Materiales de apoyo,6,📹 Video 6,https://youtu.be/I-JaRGaUsQM,I-JaRGaUsQM,0
🥗 Curso de Dietética,1,📦 Módulo 1 – Dietética y Fundamentos Nutricionales + Materiales de apoyo,7,📹 Video 7,https://youtu.be/8uF3iDDHSxU,8uF3iDDHSxU,0
🥗 Curso de Dietética,2,📦 Módulo 2 – Alimentación Saludable y Aplicación Práctica,1,📹 Video 1,https://youtu.be/lteGhH56DGo,lteGhH56DGo,0
🥗 Curso de Dietética,2,📦 Módulo 2 – Alimentación Saludable y Aplicación Práctica,2,📹 Video 2,https://youtu.be/_3cBleC9Xc8,_3cBleC9Xc8,0
🥗 Curso de Dietética,2,📦 Módulo 2 – Alimentación Saludable y Aplicación Práctica,3,📹 Video 3,https://youtu.be/X5qSPje3J-M,X5qSPje3J-M,0
🥗 Curso de Dietética,2,📦 Módulo 2 – Alimentación Saludable y Aplicación Práctica,4,📹 Video 4,https://youtu.be/OHplS4QthDo,OHplS4QthDo,0
🥗 Curso de Dietética,2,📦 Módulo 2 – Alimentación Saludable y Aplicación Práctica,5,📹 Video 5,https://youtu.be/eWwrusFtZNY,eWwrusFtZNY,0
🥗 Curso de Dietética,3,📦 Módulo 3 – Evaluación Nutricional y Planificación Alimentaria,1,📹 Video 1,https://youtu.be/wyOIDT-TBVM,wyOIDT-TBVM,0
🥗 Curso de Dietética,3,📦 Módulo 3 – Evaluación Nutricional y Planificación Alimentaria,2,📹 Video 2,https://youtu.be/6_So1mgmnyM,6_So1mgmnyM,0
🥗 Curso de Dietética,3,📦 Módulo 3 – Evaluación Nutricional y Planificación Alimentaria,3,📹 Video 3,https://youtu.be/EfpOkp8zSY0,EfpOkp8zSY0,0
🥗 Curso de Dietética,3,📦 Módulo 3 – Evaluación Nutricional y Planificación Alimentaria,4,📹 Video 4,https://youtu.be/wT1VYzceELo,wT1VYzceELo,0
🥗 Curso de Dietética,3,📦 Módulo 3 – Evaluación Nutricional y Planificación Alimentaria,5,📹 Video 5,https://youtu.be/89la2K5bQMs,89la2K5bQMs,0
🥗 Curso de Dietética,4,📦 Módulo 4 – Integración de Conocimientos y Casos Aplicados,1,📹 Video 1,https://youtu.be/aTIVZwDRhMk,aTIVZwDRhMk,0
🥗 Curso de Dietética,4,📦 Módulo 4 – Integración de Conocimientos y Casos Aplicados,2,📹 Video 2,https://youtu.be/ZvJDFqyRn1c,ZvJDFqyRn1c,0
🥗 Curso de Dietética,4,📦 Módulo 4 – Integración de Conocimientos y Casos Aplicados,3,📹 Video 3,https://youtu.be/F5hPJJvR5c0,F5hPJJvR5c0,0
🥗 Curso de Dietética,4,📦 Módulo 4 – Integración de Conocimientos y Casos Aplicados,4,📹 Video 4,https://youtu.be/7ahOwlgGtNY,7ahOwlgGtNY,0
🥗 Curso de Dietética,4,📦 Módulo 4 – Integración de Conocimientos y Casos Aplicados,5,📹 Video 5,https://youtu.be/uBkElsoYtdY,uBkElsoYtdY,0
🥗 Curso de Dietética,4,📦 Módulo 4 – Integración de Conocimientos y Casos Aplicados,6,🎬 Video Extra (Short),https://www.youtube.com/shorts/YT1M8K1j-9U,"",0
🥗 Curso de Dietética,5,💻 Clase Complementaria – Sesión en Vivo (Zoom),1,🎥 Grabación de la sesión,https://www.youtube.com/watch?v=m9nNuUoDdm0,m9nNuUoDdm0,0
🧠 Curso de Craneopuntura,1,📘 Módulo 1 — Fundamentos de la Craneopuntura (Teórico),1,🎥 Clase virtual 1,https://youtu.be/fGQwfJlFWOg,fGQwfJlFWOg,3170
🧠 Curso de Craneopuntura,1,📘 Módulo 1 — Fundamentos de la Craneopuntura (Teórico),2,🎥 Clase virtual 2,https://youtu.be/YuDc0yuPbKc,YuDc0yuPbKc,3895
🧠 Curso de Craneopuntura,1,📘 Módulo 1 — Fundamentos de la Craneopuntura (Teórico),3,🎥 Clase virtual 3,https://youtu.be/Nk6aF2DroWk,Nk6aF2DroWk,3735
🧠 Curso de Craneopuntura,1,📘 Módulo 1 — Fundamentos de la Craneopuntura (Teórico),4,🎥 Clase virtual 4,https://youtu.be/d65CNkBcLBM,d65CNkBcLBM,4012
🧠 Curso de Craneopuntura,1,📘 Módulo 1 — Fundamentos de la Craneopuntura (Teórico),5,🎥 Clase especial - Aplicación Clínica: Hemiplejia  ,https://youtu.be/_fKBZ5eKn3o,_fKBZ5eKn3o,0
🧠 Curso de Craneopuntura,2,🏥 Módulo 1 — Fundamentos de la Craneopuntura (PRACTICAS) ,1,🎥 Clase presencial 1,https://www.youtube.com/watch?v=8igQUN2RgBg,8igQUN2RgBg,0
🧠 Curso de Craneopuntura,2,🏥 Módulo 1 — Fundamentos de la Craneopuntura (PRACTICAS) ,2,🎥 Clase presencial 2,https://www.youtube.com/watch?v=jvma6EBqd9s,jvma6EBqd9s,0
🧠 Curso de Craneopuntura,2,🏥 Módulo 1 — Fundamentos de la Craneopuntura (PRACTICAS) ,3,🎥 Clase presencial 3,https://www.youtube.com/watch?v=xTnZOL6NQg0,xTnZOL6NQg0,0
🧠 Curso de Craneopuntura,2,🏥 Módulo 1 — Fundamentos de la Craneopuntura (PRACTICAS) ,4,🎥 Clase presencial 4,https://www.youtube.com/watch?v=QNW4KifH_DE,QNW4KifH_DE,0
🧠 Curso de Craneopuntura,3,🧠 Craneopuntura — Parte II,1,🎥 Video 1 ,https://www.youtube.com/live/QrwpWdnRAPI?feature=share,"",0
🧠 Curso de Craneopuntura,3,🧠 Craneopuntura — Parte II,2,🎥 Video 2,https://www.youtube.com/watch?v=HBTJTqD040w,HBTJTqD040w,0
🧠 Curso de Craneopuntura,3,🧠 Craneopuntura — Parte II,3,🎥 VIDEO 3,https://www.youtube.com/watch?v=r7oN6ke1vJc,r7oN6ke1vJc,0
🧠 Curso de Craneopuntura,3,🧠 Craneopuntura — Parte II,4,🎥VIDEO 4,https://www.youtube.com/watch?v=7kirHpvuhCE,7kirHpvuhCE,0
🧠 Curso de Craneopuntura,3,🧠 Craneopuntura — Parte II,5,🎥 Video 5,https://www.youtube.com/watch?v=biGBQLBkvW4,biGBQLBkvW4,0
🧠 Curso de Craneopuntura,3,🧠 Craneopuntura — Parte II,6,🎥 Video 6,https://www.youtube.com/watch?v=JSLw4_j-ZyM,JSLw4_j-ZyM,0
🧠 Curso de Craneopuntura,3,🧠 Craneopuntura — Parte II,7,🎥 VIDEO 7,https://www.youtube.com/watch?v=nD8U86sLijw,nD8U86sLijw,0
🧠 Curso de Craneopuntura,3,🧠 Craneopuntura — Parte II,8,🎥 VIDEO 8,https://www.youtube.com/watch?v=joSlp6W1AIk,joSlp6W1AIk,0
🧠 Curso de Craneopuntura,3,🧠 Craneopuntura — Parte II,9,🎥 Video 9,https://www.youtube.com/watch?v=Ee78f3lEVIk,Ee78f3lEVIk,0
🧠 Curso de Craneopuntura,3,🧠 Craneopuntura — Parte II,10,🎥 Video 10,https://www.youtube.com/watch?v=6xEIA-Y569Q,6xEIA-Y569Q,0
🧠 Curso de Craneopuntura,3,🧠 Craneopuntura — Parte II,11,🎥 Video 11,https://www.youtube.com/watch?v=qGTFrZH2z54,qGTFrZH2z54,0
